event_n,event_clusters,n_hits,energy_value
0,0,17966,145.739
0,52,510,72.889
1,0,17706,143.651
1,6,504,69.353
2,0,17810,144.553
2,64,504,73.808
3,0,17978,145.66
3,86,536,76.423
4,0,17650,143.128
4,21,499,76.28
5,0,17805,144.004
5,16,616,78.295
5,62,1,0.036
6,0,18069,147.16
6,36,523,73.876
7,0,17890,145.383
7,42,530,72.776
8,0,17757,143.847
8,65,533,71.819
8,80,1,0.022
9,0,17899,143.713
9,78,548,71.828
10,0,17837,143.969
10,18,577,71.552
11,0,17826,144.207
11,17,527,73.799
12,0,17944,146.138
12,64,536,73.15
13,0,18058,144.984
13,186,684,75.979
14,0,18117,148.627
14,109,541,70.502
14,245,3,0.093
15,0,17887,144.378
15,26,542,71.872
15,252,1,0.006
16,0,17832,143.872
16,19,1,0.025
16,87,527,72.659
17,0,17997,145.493
17,52,545,72.926
18,0,17796,146.329
18,22,623,71.98
19,0,17942,145.615
19,23,596,71.879
20,0,17940,144.266
20,33,1,0.03
20,92,518,72.885
21,0,17925,145.159
21,42,510,73.618
22,0,18129,147.86
22,92,541,76.319
23,0,17788,143.714
23,25,1,0.038
23,31,503,65.227
24,0,17856,144.542
24,88,5,0.216
24,166,540,73.462
25,0,18315,147.625
25,66,557,75.908
26,0,18026,146.126
26,23,653,71.423
26,149,1,0.045
27,0,18096,146.135
27,28,560,71.84
28,0,17858,143.325
28,90,535,72.726
29,0,18209,149.367
29,40,508,70.454
30,0,17953,144.795
30,53,501,72.965
31,0,18198,147.891
31,126,2,0.022
31,202,507,75.388
32,0,18008,146.254
32,39,1,0.014
32,169,559,74.272
33,0,18091,146.874
33,20,2,0.058
33,145,493,69.601
34,0,17968,146.594
34,249,538,74.526
35,0,18077,145.676
35,119,545,76.538
36,0,18206,147.83
36,48,524,72.346
37,0,17861,143.802
37,22,537,72.747
37,143,1,0.019
38,0,18013,147.286
38,18,638,75.869
38,70,1,0.012
39,0,17827,143.547
39,34,2,0.095
39,69,568,72.278
40,0,18091,144.886
40,49,629,74.12
41,0,17985,144.884
41,13,1,0.011
41,45,535,70.267
42,0,17930,144.416
42,40,554,71.331
43,0,18065,147.355
43,43,504,71.863
43,54,2,0.039
44,0,17842,145.744
44,64,533,72.437
45,0,17806,142.437
45,32,571,74.298
45,54,1,0.018
46,0,17818,143.034
46,23,563,76.536
47,0,18149,146.888
47,68,508,72.362
47,336,6,0.154
48,0,17890,144.516
48,140,562,75.578
49,0,17906,145.4
49,83,574,72.395
50,0,18025,145.212
50,11,3,0.07
50,16,551,73.995
50,71,1,0.008
51,0,17859,145.742
51,43,475,74.282
52,0,17909,145.5
52,200,534,71.83
53,0,17873,144.571
53,103,545,74.575
53,221,5,0.08
54,0,17988,146.023
54,34,506,72.267
55,0,17746,143.678
55,42,3,0.129
55,62,526,74.629
56,0,18088,146.843
56,46,488,71.738
56,121,1,0.012
57,0,18140,149.104
57,32,508,74.051
57,198,4,0.025
58,0,18078,144.483
58,38,509,72.069
58,130,1,0.038
59,0,17984,145.029
59,31,527,75.672
59,60,1,0.051
60,0,18131,147.196
60,61,5,0.08
60,247,536,73.168
61,0,17922,144.434
61,19,1,0.021
61,23,4,0.076
61,50,521,75.971
62,0,17992,144.752
62,48,550,71.523
62,303,1,0.091
63,0,17842,145.885
63,35,626,73.927
63,45,5,0.089
64,0,18261,146.408
64,11,2,0.077
64,134,505,70.729
65,0,17977,145.519
65,250,530,73.936
66,0,17899,145.507
66,183,538,71.733
67,0,17954,144.979
67,148,514,71.254
68,0,17922,144.134
68,20,1,0.006
68,66,551,76.558
69,0,17768,142.873
69,76,563,70.659
70,0,17918,144.23
70,12,4,0.035
70,38,1,0.017
70,131,531,75.98
71,0,17965,145.812
71,40,507,72.638
72,0,17876,144.711
72,41,530,71.638
73,0,17891,142.652
73,411,524,74.346
74,0,17755,143.839
74,21,571,74.264
75,0,17994,144.247
75,103,523,74.558
76,0,18037,146.399
76,25,529,73.81
77,0,17794,143.515
77,53,507,73.186
78,0,18001,145.012
78,159,630,73.114
79,0,18037,145.564
79,137,521,72.85
80,0,18103,144.437
80,140,503,73.118
80,368,1,0.02
81,0,18042,145.768
81,144,573,76.072
82,0,18001,146.154
82,71,1,0.017
82,170,535,77.375
83,0,18330,146.548
83,47,597,73.78
83,422,2,0.014
84,0,18067,147.257
84,28,513,70.054
85,0,17890,146.221
85,279,2,0.028
85,284,546,73.772
86,0,17852,144.593
86,25,531,73.263
87,0,18100,146.238
87,13,590,73.745
87,135,1,0.007
88,0,18025,146.291
88,27,528,71.55
89,0,18050,148.424
89,21,519,74.661
90,0,17965,144.777
90,27,1,0.017
90,65,512,71.686
91,0,18004,145.363
91,127,1,0.018
91,204,499,70.863
92,0,18107,147.104
92,75,540,75.382
93,0,17894,144.892
93,34,1,0.006
93,76,587,71.052
94,0,18171,146.97
94,25,3,0.209
94,135,3,0.023
94,221,515,73.298
95,0,18051,146.172
95,30,536,77.874
96,0,17828,143.451
96,4,2,0.018
96,207,1,0.022
96,267,539,73.659
97,0,18153,147.196
97,13,500,71.067
98,0,18043,146.432
98,28,524,73.456
99,0,18051,144.863
99,71,1,0.012
99,78,538,72.471
100,0,18036,145.593
100,47,488,73.079
101,0,17878,144.22
101,120,3,0.107
101,173,505,72.245
102,0,18134,146.911
102,17,493,72.406
103,0,18055,146.957
103,43,3,0.052
103,54,5,0.197
103,85,487,72.118
104,0,17794,144.691
104,47,3,0.044
104,119,551,72.943
105,0,18048,145.623
105,44,527,73.046
106,0,18064,147.131
106,37,1,0.006
106,161,5,0.148
106,199,565,74.003
107,0,18042,146.255
107,90,1,0.03
107,131,561,76.838
108,0,17933,145.26
108,39,563,71.486
109,0,17927,146.075
109,10,1,0.14
109,19,2,0.026
109,94,628,71.03
110,0,18012,145.902
110,97,622,73.856
111,0,18109,146.852
111,21,612,73.393
111,38,2,0.046
111,69,1,0.016
111,107,1,0.021
112,0,17790,144.577
112,59,644,73.347
112,70,10,0.242
112,649,2,0.013
113,0,17662,143.631
113,3,2,0.02
113,8,2,0.011
113,48,543,72.949
114,0,17733,144.267
114,44,539,74.453
115,0,17963,145.643
115,44,544,71.646
115,64,2,0.012
115,116,1,0.041
116,0,18041,146.047
116,30,2,0.018
116,74,656,71.993
116,99,3,0.06
117,0,17876,144.542
117,32,1,0.006
117,121,507,75.037
118,0,17975,146.95
118,222,517,74.336
119,0,17909,144.834
119,9,568,69.798
120,0,18105,145.276
120,53,510,72.96
121,0,17983,144.236
121,4,2,0.018
121,54,612,73.025
121,106,2,0.026
121,223,3,0.019
122,0,17843,143.747
122,151,497,74.153
123,0,17910,144.549
123,22,518,74.088
124,0,17959,146.039
124,20,4,0.296
124,91,2,0.022
124,198,626,69.143
125,0,18092,145.93
125,23,1,0.072
125,33,613,75.395
126,0,18023,146.679
126,1,2,0.084
126,33,544,70.526
127,0,17947,145.033
127,25,513,71.384
128,0,18044,146.05
128,38,539,72.595
129,0,17960,144.996
129,187,542,73.81
130,0,17846,143.132
130,51,1,0.016
130,52,541,70.561
131,0,18068,146.306
131,91,510,73.982
132,0,18020,144.868
132,39,539,73.977
133,0,18083,146.457
133,9,2,0.02
133,11,1,0.006
133,19,2,0.012
133,220,494,74.415
134,0,17954,145.711
134,25,529,70.945
134,396,1,0.006
135,0,18408,149.17
135,88,496,74.589
136,0,17971,145.093
136,77,536,75.498
137,0,18362,147.715
137,25,1,0.008
137,114,539,74.247
138,0,17626,141.35
138,20,533,72.366
138,90,1,0.017
139,0,17891,143.597
139,58,516,72.396
140,0,18006,144.296
140,78,520,74.582
141,0,18170,144.977
141,20,537,72.724
141,48,1,0.034
142,0,18086,145.315
142,5,2,0.018
142,84,526,72.432
143,0,18139,146.247
143,95,524,71.523
144,0,18032,146.243
144,43,4,10.213
144,133,491,66.793
145,0,17878,146.218
145,29,541,73.736
146,0,17957,145.187
146,24,2,0.052
146,40,1,0.023
146,183,546,73.085
147,0,17930,147.088
147,49,530,77.406
148,0,17977,145.626
148,46,565,73.926
149,0,18049,146.919
149,52,492,67.375
150,0,18055,146.888
150,166,508,71.872
151,0,17936,145.852
151,19,635,76.989
152,0,17921,144.567
152,35,479,74.028
152,221,2,0.022
153,0,17888,144.052
153,1,2,0.015
153,133,561,71.988
154,0,18043,146.587
154,105,532,76.73
154,217,1,0.052
155,0,17971,144.671
155,52,596,71.372
156,0,17988,145.471
156,248,4,0.189
156,311,521,73.958
157,0,18268,145.738
157,71,527,74.989
157,556,4,0.025
157,559,3,0.073
158,0,17918,144.255
158,10,604,71.402
158,97,1,0.042
159,0,17855,143.406
159,11,2,0.018
159,76,554,74.446
160,0,17817,144.824
160,27,507,70.442
160,30,1,0.008
160,530,2,0.074
161,0,18259,146.444
161,53,534,74.461
162,0,17948,144.316
162,48,600,70.915
162,72,3,0.05
163,0,17951,142.856
163,46,490,73.914
164,0,18199,148.433
164,112,554,76.692
165,0,17975,145.014
165,88,505,70.769
165,266,2,0.013
165,428,2,0.014
166,0,18095,146.0
166,59,520,75.844
167,0,17756,142.861
167,30,531,74.015
168,0,18053,146.968
168,48,2,0.043
168,193,510,78.428
169,0,17905,142.843
169,23,509,72.305
170,0,18044,145.702
170,47,501,74.607
170,61,1,0.007
171,0,17870,142.659
171,153,526,73.677
172,0,17820,142.978
172,2,2,0.018
172,54,535,74.097
173,0,18110,146.448
173,73,576,73.818
174,0,17816,143.606
174,56,527,74.249
175,0,18194,147.56
175,35,517,71.82
176,0,17837,144.551
176,5,3,0.129
176,48,531,74.121
176,51,4,0.049
177,0,17936,145.699
177,32,512,74.462
178,0,17948,144.838
178,81,588,76.45
179,0,18094,147.2
179,43,5,0.08
179,176,2,0.015
179,194,538,73.958
180,0,18270,148.103
180,49,515,75.398
181,0,17924,143.163
181,126,551,74.208
182,0,17871,144.749
182,50,562,73.897
183,0,18043,145.265
183,14,579,75.79
183,36,4,0.1
184,0,17974,145.823
184,78,496,70.535
184,189,1,0.026
185,0,18051,146.622
185,26,515,75.257
185,47,2,0.013
186,0,17953,145.474
186,17,527,66.747
187,0,17994,146.16
187,17,1,0.012
187,47,549,73.724
188,0,17967,146.233
188,45,539,71.48
188,81,1,0.023
189,0,17998,147.194
189,31,516,72.999
189,161,2,0.149
190,0,17959,146.8
190,21,514,74.176
191,0,18036,144.97
191,30,515,71.955
191,166,6,0.085
192,0,17924,143.996
192,102,562,75.896
192,134,3,0.098
193,0,17788,142.019
193,145,546,71.901
194,0,17885,144.886
194,5,3,0.033
194,13,5,0.076
194,17,570,68.004
195,0,18261,146.837
195,10,5,0.107
195,16,2,0.036
195,38,2,0.041
195,42,551,73.749
196,0,17952,145.953
196,63,597,73.001
197,0,17968,144.253
197,26,511,72.116
198,0,18049,145.299
198,212,1,0.027
198,215,1,0.011
198,257,3,0.072
198,295,541,72.679
199,0,18056,145.321
199,67,524,74.055
200,0,18088,145.283
200,43,1,0.027
200,154,516,71.128
201,0,18166,146.792
201,12,4,0.033
201,142,567,74.805
202,0,18105,144.618
202,38,528,77.069
203,0,17924,146.935
203,80,481,73.554
204,0,17891,145.569
204,20,622,74.711
205,0,17917,144.433
205,19,623,73.099
205,35,2,0.044
206,0,17995,147.494
206,10,564,70.349
207,0,17811,143.147
207,32,5,0.031
207,153,512,73.149
207,167,4,0.027
208,0,17982,144.99
208,10,4,0.036
208,55,3,0.109
208,195,499,74.423
209,0,18024,145.702
209,32,534,72.592
209,115,2,0.02
210,0,17921,143.228
210,139,567,73.326
211,0,18175,146.588
211,21,1,0.011
211,66,1,0.013
211,166,548,73.203
211,394,5,0.033
212,0,17750,143.372
212,71,548,75.626
213,0,18125,146.62
213,78,510,72.91
214,0,18076,147.069
214,22,566,70.532
215,0,17868,144.324
215,27,534,78.493
216,0,17973,145.259
216,43,538,70.868
217,0,18109,145.703
217,21,1,0.014
217,33,525,71.728
218,0,17999,146.28
218,28,3,0.084
218,29,554,70.274
219,0,17956,144.308
219,43,531,71.748
220,0,17723,143.242
220,47,533,75.096
220,574,2,0.119
221,0,18003,145.928
221,25,623,72.932
221,50,1,0.035
222,0,17797,142.908
222,30,529,75.618
223,0,18029,145.57
223,34,511,71.468
224,0,18290,146.573
224,81,534,75.132
225,0,18192,146.504
225,13,1,0.119
225,24,522,73.094
226,0,17951,146.034
226,132,490,71.585
227,0,18132,147.865
227,43,529,73.315
228,0,18090,146.065
228,20,1,0.304
228,36,602,72.406
228,142,2,0.011
229,0,17986,146.312
229,31,527,72.619
229,54,2,0.015
230,0,18060,146.955
230,34,5,0.031
230,52,532,75.277
231,0,17836,143.377
231,34,1,0.024
231,264,534,70.312
232,0,17966,145.963
232,18,3,0.04
232,324,2,0.026
232,350,577,76.208
232,360,1,0.007
233,0,18158,146.164
233,96,2,0.017
233,97,5,0.162
233,116,519,74.331
234,0,17729,143.033
234,147,495,69.858
235,0,18152,147.13
235,58,1,0.019
235,73,567,71.86
236,0,17925,144.945
236,130,491,77.331
237,0,17914,143.428
237,44,496,74.154
238,0,18056,145.782
238,30,610,74.229
238,37,1,0.026
238,628,8,0.052
239,0,18022,145.25
239,280,551,77.436
240,0,17852,145.341
240,290,520,75.137
241,0,18286,148.17
241,6,5,0.043
241,12,1,0.006
241,43,1,0.006
241,90,516,69.819
242,0,17794,144.083
242,5,2,0.071
242,44,528,71.431
242,136,2,0.013
243,0,17925,144.54
243,155,546,73.911
244,0,17952,144.454
244,145,558,74.178
245,0,18243,146.996
245,33,478,70.984
246,0,18017,147.331
246,10,1,0.036
246,46,522,72.055
246,242,7,0.115
247,0,17920,144.543
247,7,600,70.593
247,20,1,2.847
248,0,18048,144.533
248,7,2,0.068
248,70,518,75.039
249,0,17788,144.297
249,178,607,73.235
250,0,17906,146.126
250,33,541,76.54
251,0,17807,145.285
251,27,538,72.23
252,0,17738,143.839
252,391,575,75.606
253,0,17834,144.809
253,220,523,71.033
254,0,18223,148.924
254,24,556,71.446
255,0,18104,146.462
255,37,547,72.994
256,0,17919,144.387
256,221,525,72.692
257,0,18036,145.902
257,73,2,0.018
257,255,524,70.694
258,0,18054,145.881
258,30,628,76.476
258,39,2,0.088
259,0,17882,143.694
259,22,582,74.545
259,47,2,0.154
259,54,9,0.512
259,356,1,0.015
259,481,1,0.051
260,0,18004,144.801
260,25,2,0.098
260,39,488,75.032
261,0,17917,146.032
261,51,532,76.051
262,0,17898,145.418
262,80,537,72.981
263,0,17797,142.229
263,213,565,75.379
264,0,18064,145.159
264,110,549,74.184
265,0,17918,145.2
265,8,2,0.018
265,127,552,73.616
265,538,6,0.04
266,0,17946,145.382
266,12,3,0.053
266,47,551,75.481
267,0,18070,148.12
267,38,577,79.087
268,0,18106,146.536
268,53,497,72.024
268,89,2,0.019
269,0,18128,146.955
269,32,522,78.592
270,0,18130,146.958
270,30,534,71.102
270,43,1,0.028
270,94,1,0.019
271,0,17997,145.944
271,26,631,71.828
272,0,18229,147.537
272,32,518,73.243
272,35,1,0.022
273,0,18073,146.888
273,154,499,74.602
274,0,18097,147.059
274,29,2,0.013
274,328,564,73.018
275,0,18059,145.788
275,70,508,74.612
276,0,18205,146.772
276,37,496,72.746
276,71,2,0.077
277,0,17974,146.042
277,34,514,73.58
278,0,17974,145.424
278,437,528,74.115
279,0,17863,145.89
279,35,497,71.143
280,0,18053,145.787
280,156,522,71.496
281,0,17954,145.741
281,24,1,0.072
281,221,505,71.684
282,0,17954,145.332
282,36,491,73.4
283,0,17854,144.709
283,22,538,73.867
283,29,1,0.039
284,0,17917,145.074
284,29,1,0.123
284,33,526,73.995
285,0,18059,146.419
285,25,533,75.216
286,0,17921,145.024
286,30,1,0.044
286,35,558,73.214
287,0,18147,147.563
287,41,506,69.976
287,61,1,0.015
288,0,17987,145.248
288,100,4,0.094
288,221,510,75.845
289,0,17975,145.118
289,59,510,72.763
290,0,18044,146.506
290,37,1,0.011
290,101,642,72.308
291,0,17949,144.962
291,12,3,0.044
291,19,539,75.194
292,0,17997,146.728
292,9,3,0.028
292,24,1,0.027
292,49,503,72.77
293,0,18074,144.988
293,79,549,70.877
294,0,17961,144.658
294,9,2,0.03
294,45,585,75.742
295,0,17850,146.986
295,15,619,73.702
296,0,18233,147.48
296,14,1,0.016
296,425,561,77.543
297,0,17951,146.753
297,87,470,76.62
298,0,18178,147.734
298,74,572,76.397
299,0,17898,144.366
299,31,543,71.726
300,0,18150,146.266
300,195,613,74.53
301,0,17930,144.584
301,28,665,73.513
301,54,2,0.047
301,158,3,0.052
302,0,17971,146.521
302,46,526,73.67
302,96,2,0.023
303,0,18049,146.951
303,35,540,72.974
304,0,17901,144.615
304,9,606,72.064
304,75,2,0.062
305,0,17908,145.471
305,31,1,0.026
305,36,506,56.121
305,80,3,15.837
306,0,17855,144.966
306,20,1,0.025
306,107,572,72.18
307,0,17984,146.386
307,5,3,0.185
307,13,1,0.006
307,99,1,0.008
307,215,554,73.539
308,0,18024,145.307
308,17,572,68.754
309,0,17714,141.721
309,31,498,69.897
310,0,18034,144.95
310,45,515,73.685
311,0,17946,147.024
311,54,545,73.498
312,0,18025,146.844
312,28,526,72.326
312,143,2,0.065
313,0,17969,146.8
313,27,2,0.023
313,87,533,72.487
314,0,18046,147.415
314,18,554,72.713
315,0,18003,145.154
315,21,1,0.008
315,32,3,0.069
315,67,521,74.036
316,0,18074,146.433
316,26,605,71.977
317,0,18146,146.91
317,20,544,75.661
317,57,2,0.071
318,0,18090,145.426
318,91,508,72.143
318,111,1,0.006
319,0,17976,144.813
319,24,545,76.068
319,47,5,0.155
320,0,18057,146.656
320,35,531,75.66
321,0,18101,147.437
321,39,1,0.033
321,56,3,0.082
321,58,3,0.019
321,115,518,70.433
322,0,17814,144.205
322,17,610,73.834
323,0,17937,145.782
323,34,655,75.674
323,586,2,0.031
324,0,18142,146.039
324,22,627,76.157
325,0,18079,146.745
325,16,533,74.736
326,0,17994,145.398
326,153,507,70.738
327,0,18148,147.013
327,102,565,78.098
328,0,18009,144.457
328,29,494,74.2
329,0,18038,146.325
329,10,2,0.013
329,130,528,73.958
330,0,18012,146.051
330,94,2,0.08
330,154,483,72.069
331,0,17849,144.543
331,62,525,77.778
331,563,7,0.072
332,0,17841,144.35
332,92,562,78.271
333,0,18166,145.913
333,51,492,71.594
334,0,18098,145.301
334,32,2,0.03
334,37,553,74.213
335,0,18016,146.747
335,24,517,72.066
336,0,18078,146.834
336,15,6,0.248
336,30,528,73.285
337,0,17910,145.754
337,21,677,71.655
337,173,1,0.011
337,279,1,0.09
338,0,17948,142.583
338,198,587,75.154
339,0,18115,147.237
339,29,534,75.458
340,0,18070,146.2
340,81,526,74.219
340,114,1,0.006
341,0,18174,146.931
341,24,512,73.347
342,0,17722,143.347
342,127,512,74.484
342,301,1,0.024
342,320,4,0.165
343,0,17936,144.401
343,89,584,74.637
344,0,17837,143.186
344,18,1,0.03
344,30,515,70.412
345,0,18173,147.187
345,194,559,71.756
345,219,1,0.006
345,262,3,0.092
346,0,18187,148.169
346,87,623,75.864
347,0,17902,145.175
347,22,529,72.974
348,0,17985,145.72
348,43,503,74.219
349,0,18121,145.887
349,27,7,0.051
349,108,567,73.516
350,0,17954,145.809
350,4,2,0.016
350,69,500,73.104
351,0,18171,148.803
351,96,684,74.949
351,102,1,0.019
351,591,4,0.117
352,0,17974,145.998
352,14,631,72.668
352,113,1,0.012
353,0,17993,146.292
353,92,512,72.496
354,0,17949,145.138
354,191,544,75.327
355,0,17828,144.83
355,56,491,75.627
356,0,18176,146.518
356,176,587,74.118
357,0,17795,142.378
357,48,511,73.821
358,0,17856,144.519
358,121,689,76.054
359,0,17977,144.838
359,111,600,72.569
360,0,17612,143.4
360,213,540,70.72
361,0,17681,144.249
361,22,572,77.316
361,59,1,0.04
362,0,17900,144.206
362,4,1,0.006
362,8,6,0.048
362,113,546,74.272
363,0,17950,145.672
363,10,546,71.526
363,384,1,0.013
364,0,17897,146.133
364,44,2,0.035
364,117,614,77.699
364,602,1,0.012
365,0,17898,145.478
365,50,501,74.307
365,65,1,0.006
366,0,18097,145.465
366,201,556,73.756
367,0,18089,147.473
367,48,536,74.114
368,0,17796,144.02
368,77,552,75.774
369,0,18032,145.85
369,17,5,0.068
369,76,522,72.814
370,0,18040,146.225
370,12,1,0.017
370,62,553,78.492
371,0,17888,144.164
371,97,508,72.177
372,0,18019,146.159
372,7,4,0.096
372,47,532,72.439
373,0,18006,145.341
373,32,547,76.163
374,0,17907,144.773
374,95,487,75.268
375,0,17806,143.289
375,44,626,75.318
376,0,18128,146.107
376,27,528,72.21
376,73,2,0.058
377,0,18062,146.688
377,27,550,77.057
377,54,2,0.128
378,0,18143,147.824
378,3,1,0.01
378,6,6,0.057
378,12,1,0.009
378,18,6,0.036
378,46,533,77.973
379,0,17944,145.244
379,22,2,0.07
379,29,2,0.054
379,70,515,72.942
380,0,17776,142.122
380,30,519,73.27
380,436,1,0.006
381,0,17753,142.169
381,40,522,71.739
382,0,18038,145.828
382,1,2,0.019
382,94,605,71.208
383,0,17930,145.333
383,322,549,79.701
384,0,18045,146.314
384,33,535,72.989
385,0,18059,148.186
385,59,550,72.629
385,80,1,0.022
385,564,5,0.043
386,0,17959,146.035
386,29,513,70.3
387,0,17705,143.007
387,37,505,73.515
388,0,18160,147.421
388,18,539,70.933
388,37,1,0.04
389,0,17922,145.428
389,121,516,73.058
390,0,18040,146.447
390,44,518,74.956
391,0,17720,144.657
391,43,547,77.505
392,0,18017,145.796
392,41,550,74.37
392,71,2,0.056
393,0,17855,144.214
393,73,549,76.384
394,0,17961,145.244
394,156,2,0.048
394,252,569,75.127
395,0,17841,144.617
395,129,677,74.681
395,132,2,0.019
396,0,18052,146.447
396,6,540,69.679
397,0,17905,145.397
397,96,482,76.581
398,0,18108,146.448
398,42,525,70.369
399,0,18073,146.145
399,25,580,74.458
399,103,1,0.018
400,0,18023,145.094
400,23,609,76.082
400,98,5,0.134
401,0,18000,145.114
401,64,536,76.099
402,0,17976,146.742
402,68,501,74.091
403,0,18058,144.377
403,340,553,72.667
404,0,18003,143.84
404,8,1,0.006
404,23,630,76.592
405,0,18120,147.244
405,122,517,74.895
406,0,18092,146.949
406,112,477,72.175
407,0,17900,144.116
407,47,508,72.224
408,0,17928,146.698
408,16,1,0.023
408,126,1,0.02
408,192,556,72.952
409,0,18014,144.311
409,119,1,0.029
409,174,533,76.233
410,0,18025,146.155
410,78,545,69.527
411,0,17852,146.137
411,7,2,0.013
411,32,504,74.799
411,435,4,0.081
412,0,17959,143.747
412,46,550,72.978
413,0,18285,148.648
413,19,2,0.013
413,28,543,74.057
414,0,18067,146.847
414,18,7,0.265
414,22,640,72.971
415,0,17837,143.751
415,22,1,0.02
415,83,593,74.158
416,0,18004,147.451
416,141,545,72.545
417,0,17952,145.846
417,306,1,0.02
417,436,544,73.247
418,0,17947,144.169
418,12,2,0.02
418,74,2,0.052
418,117,556,76.174
419,0,17858,143.25
419,145,4,0.103
419,168,638,74.602
420,0,18136,147.385
420,74,2,0.045
420,211,537,73.614
421,0,17811,143.96
421,76,548,72.293
422,0,17933,145.639
422,37,602,74.277
422,55,1,0.042
423,0,17902,144.311
423,21,501,69.166
424,0,18061,145.422
424,42,510,74.569
424,49,2,0.051
424,132,1,0.035
425,0,17783,145.104
425,100,2,0.041
425,101,1,0.043
425,138,2,0.046
425,364,557,74.729
426,0,18219,146.682
426,80,481,76.4
427,0,17828,144.938
427,62,564,70.062
427,192,5,0.031
428,0,18165,147.383
428,37,559,72.617
428,72,1,0.006
429,0,17845,145.037
429,15,521,69.448
430,0,17955,144.972
430,34,3,0.09
430,100,1,0.006
430,178,512,75.055
431,0,17917,145.527
431,1,2,0.129
431,16,617,72.058
431,46,1,0.018
432,0,17979,145.52
432,20,528,70.101
433,0,17778,143.598
433,29,616,70.994
433,100,3,0.09
434,0,17920,144.322
434,28,521,73.154
435,0,18088,146.953
435,159,599,74.676
436,0,17969,144.672
436,10,2,0.039
436,60,514,75.043
436,543,1,0.056
437,0,17972,146.323
437,57,642,71.108
438,0,17868,144.87
438,2,3,0.063
438,35,3,0.13
438,44,586,72.79
439,0,17969,146.273
439,47,509,74.957
439,56,1,0.015
440,0,17911,144.759
440,80,580,71.274
441,0,17978,147.102
441,59,559,75.517
442,0,17870,144.864
442,16,1,0.006
442,28,527,76.872
442,93,1,0.013
443,0,17975,146.041
443,38,563,74.904
443,44,2,0.025
444,0,18099,147.173
444,103,556,71.877
444,215,1,0.013
445,0,18171,146.266
445,60,1,0.015
445,136,576,74.623
446,0,17971,145.281
446,31,553,72.395
447,0,18050,145.735
447,51,490,70.335
448,0,17847,145.657
448,54,560,74.021
449,0,17865,144.208
449,40,512,74.108
450,0,18004,145.065
450,30,642,74.25
451,0,18103,146.619
451,36,610,69.769
451,41,5,0.196
451,635,3,0.018
451,636,3,0.018
452,0,17932,143.837
452,49,573,74.229
453,0,18093,145.873
453,23,594,72.779
454,0,17813,144.71
454,112,494,72.468
455,0,17845,143.672
455,2,2,0.07
455,56,650,75.427
455,195,2,0.057
456,0,18094,145.886
456,338,1,0.007
456,421,513,70.277
457,0,17830,145.593
457,110,614,72.968
458,0,17845,144.647
458,89,623,73.724
459,0,17736,143.157
459,86,542,72.581
460,0,17973,144.849
460,370,2,0.047
460,377,509,75.615
461,0,17860,145.354
461,125,2,0.034
461,133,659,73.866
462,0,18058,145.254
462,16,557,74.719
463,0,17801,143.609
463,25,697,73.114
463,112,4,0.1
464,0,17767,144.002
464,27,2,0.026
464,34,675,73.815
465,0,18057,146.764
465,46,482,74.108
465,104,6,0.036
466,0,18162,147.349
466,90,539,72.561
467,0,17991,145.37
467,108,587,76.906
467,134,1,0.006
468,0,17915,145.583
468,13,630,76.481
469,0,18026,145.324
469,58,3,0.022
469,60,1,0.032
469,65,532,71.983
470,0,18037,148.146
470,48,542,71.586
471,0,18116,147.027
471,18,528,73.426
472,0,18117,146.498
472,17,3,0.022
472,37,3,0.025
472,44,497,70.427
473,0,18000,145.263
473,37,529,73.363
474,0,17845,145.311
474,38,514,74.2
475,0,18100,146.251
475,3,1,0.272
475,14,2,0.018
475,43,1,0.012
475,100,555,72.409
476,0,17941,146.091
476,30,541,73.959
476,42,3,0.029
477,0,17965,145.204
477,17,503,69.802
478,0,18076,146.424
478,92,460,71.201
479,0,17812,144.988
479,111,540,73.462
480,0,17992,145.122
480,31,5,0.132
480,75,539,74.007
481,0,18134,145.638
481,24,496,72.214
482,0,17567,141.967
482,54,547,75.109
483,0,17746,143.246
483,7,579,71.07
483,293,4,0.072
484,0,17721,142.883
484,45,513,75.656
485,0,17850,144.263
485,3,6,0.195
485,71,501,72.609
485,75,1,0.046
486,0,17860,144.249
486,14,621,73.776
487,0,17999,143.813
487,182,1,0.036
487,280,531,74.91
488,0,17972,145.886
488,75,635,73.171
488,85,6,0.496
489,0,18039,144.855
489,33,530,74.154
490,0,17933,145.451
490,20,4,0.185
490,29,1,0.036
490,86,635,71.379
490,609,2,0.069
490,610,1,0.01
491,0,18022,146.393
491,42,600,72.576
492,0,18088,146.707
492,19,514,70.54
493,0,17903,145.675
493,13,4,0.023
493,43,1,0.008
493,191,528,74.381
494,0,18288,148.186
494,33,503,74.351
494,53,3,0.061
495,0,18077,147.179
495,11,2,0.184
495,157,485,71.187
495,397,2,0.066
496,0,18154,147.716
496,3,7,0.259
496,89,537,74.241
496,123,1,0.055
497,0,17884,146.087
497,95,546,72.794
498,0,18095,146.145
498,43,564,71.475
499,0,17801,144.923
499,87,583,73.452
499,397,3,0.019
500,0,18007,146.322
500,263,516,71.38
501,0,18302,148.945
501,79,2,0.027
501,200,512,76.124
502,0,18040,146.914
502,35,527,74.075
503,0,17783,144.264
503,10,2,0.013
503,17,525,72.348
503,37,1,0.12
503,100,4,0.026
503,123,1,0.007
503,380,2,0.179
504,0,17801,144.356
504,20,521,69.447
505,0,17966,144.976
505,86,549,70.812
506,0,18048,144.791
506,10,591,73.907
507,0,18119,147.534
507,65,1,0.013
507,98,525,73.157
508,0,17968,145.086
508,34,549,74.834
508,111,1,0.038
509,0,18044,146.607
509,5,4,0.026
509,13,2,0.013
509,43,535,75.525
509,440,4,0.027
510,0,17942,143.682
510,86,513,73.522
510,194,1,0.009
511,0,17985,144.346
511,44,546,70.625
511,319,1,0.028
512,0,17977,143.825
512,156,530,73.1
513,0,18257,146.566
513,87,642,74.966
514,0,17697,142.978
514,20,566,74.624
514,25,1,0.028
515,0,17876,144.699
515,48,455,72.572
516,0,17836,145.299
516,18,614,76.348
516,42,5,0.152
517,0,18220,147.949
517,459,1,0.017
517,495,559,74.248
518,0,18108,146.835
518,17,2,0.012
518,144,1,0.019
518,175,534,74.577
519,0,18027,146.139
519,78,497,74.796
520,0,18006,145.569
520,5,2,0.018
520,117,1,0.03
520,131,553,72.294
521,0,18006,145.619
521,127,1,0.007
521,156,523,73.792
522,0,17830,143.711
522,23,1,0.018
522,176,477,72.888
523,0,18029,146.384
523,138,581,75.358
524,0,17672,142.587
524,14,628,74.69
524,107,2,0.024
525,0,17953,147.217
525,34,531,73.213
526,0,18163,148.015
526,169,3,0.117
526,220,520,74.221
527,0,17856,143.162
527,14,2,0.038
527,233,532,75.986
528,0,18143,146.148
528,5,1,0.088
528,10,499,72.747
528,251,1,0.017
529,0,17978,147.663
529,30,522,71.37
529,48,2,0.044
530,0,17816,143.299
530,67,521,70.513
531,0,18000,144.464
531,1,6,0.044
531,13,2,0.014
531,76,596,74.609
532,0,18031,145.622
532,14,3,0.019
532,55,530,74.284
533,0,18278,148.303
533,29,4,0.138
533,63,506,71.443
534,0,17915,144.572
534,112,606,75.565
535,0,17937,145.943
535,42,2,0.048
535,83,493,73.12
535,93,1,0.025
536,0,17854,143.638
536,40,2,0.025
536,68,522,73.158
537,0,18163,147.846
537,26,539,71.407
538,0,17970,145.079
538,1,2,0.019
538,2,4,0.038
538,28,526,73.281
538,280,2,0.011
539,0,18057,146.965
539,187,496,73.571
540,0,17961,146.018
540,31,519,74.501
541,0,17805,143.473
541,29,3,0.084
541,83,634,75.549
541,89,1,0.009
542,0,17828,145.069
542,48,546,72.356
543,0,17625,143.665
543,34,549,73.013
544,0,17956,145.05
544,43,518,73.187
545,0,18277,146.323
545,41,1,0.006
545,43,525,70.484
546,0,18207,147.75
546,37,575,71.732
547,0,17908,146.054
547,100,674,71.275
548,0,17688,143.625
548,20,2,0.051
548,32,548,74.191
549,0,17868,144.787
549,30,538,70.284
549,32,4,0.091
549,103,1,0.013
549,583,3,0.067
550,0,18149,147.954
550,14,563,73.087
550,337,1,0.138
551,0,18054,145.881
551,70,518,76.229
552,0,17904,144.246
552,2,1,0.099
552,3,1,0.107
552,91,620,74.951
553,0,17861,143.916
553,116,593,73.03
554,0,18112,148.009
554,108,550,71.792
555,0,17997,145.243
555,3,4,0.037
555,25,519,74.044
556,0,17903,145.941
556,48,555,74.112
556,163,2,0.054
557,0,18249,147.412
557,17,594,75.781
557,23,2,0.059
558,0,17795,143.429
558,27,483,74.57
559,0,17963,144.822
559,17,2,0.065
559,39,535,74.503
560,0,17910,145.594
560,92,25,0.85
560,106,533,73.635
561,0,18235,146.743
561,75,576,74.483
562,0,18051,146.356
562,27,630,71.113
563,0,17916,143.906
563,10,2,0.013
563,51,525,74.57
564,0,17802,144.917
564,24,2,0.061
564,58,570,73.524
565,0,18028,145.219
565,28,536,71.854
565,103,2,0.013
565,287,11,0.233
566,0,17932,144.008
566,53,530,75.574
566,107,1,0.008
567,0,18229,149.507
567,329,503,74.809
568,0,18221,146.136
568,28,1,0.012
568,41,553,75.513
568,46,1,0.036
569,0,18183,147.366
569,57,566,73.737
570,0,18014,146.303
570,24,521,74.347
570,452,2,0.023
571,0,17831,144.555
571,2,4,0.03
571,14,4,0.025
571,29,495,73.728
572,0,18070,146.518
572,26,558,75.986
573,0,17966,145.822
573,107,505,70.677
574,0,17909,144.93
574,83,535,69.221
575,0,17989,146.296
575,53,1,0.023
575,198,509,73.204
576,0,17830,145.077
576,49,520,71.926
576,548,1,0.006
577,0,17853,143.143
577,102,483,75.699
578,0,18012,145.856
578,94,522,75.374
579,0,18183,147.219
579,10,569,74.487
579,25,4,0.2
579,237,1,0.018
580,0,17706,143.9
580,37,1,0.033
580,69,584,71.329
581,0,18206,147.349
581,22,670,74.731
581,100,1,0.029
582,0,18082,146.432
582,175,519,72.143
583,0,18087,146.792
583,99,510,73.601
584,0,18120,146.299
584,93,537,73.405
585,0,17827,146.339
585,30,559,75.374
586,0,18038,144.721
586,47,497,72.202
586,224,1,0.053
587,0,17758,144.319
587,58,3,0.059
587,130,551,77.121
588,0,17870,145.336
588,53,510,74.661
588,105,3,0.047
589,0,17917,145.609
589,47,1,0.009
589,88,1,0.03
589,105,540,73.645
589,402,7,0.047
590,0,17751,142.214
590,30,541,77.841
590,372,1,0.006
591,0,18055,146.73
591,33,583,73.491
592,0,17963,146.769
592,98,560,74.326
592,436,3,0.043
593,0,18005,147.155
593,26,529,71.293
594,0,18018,146.841
594,45,549,69.997
595,0,17787,144.936
595,165,496,72.419
596,0,17989,145.117
596,10,612,73.153
596,79,1,0.042
597,0,18033,145.676
597,235,541,73.302
598,0,18250,147.053
598,84,1,0.008
598,145,480,72.778
599,0,17917,144.587
599,108,562,72.453
600,0,18101,144.417
600,40,5,0.14
600,231,525,75.891
601,0,18131,147.449
601,32,1,0.017
601,41,632,69.158
602,0,18092,146.778
602,157,513,74.517
603,0,18273,148.585
603,47,6,0.482
603,99,4,0.162
603,201,515,68.609
604,0,17798,144.976
604,37,490,69.916
605,0,17550,142.639
605,55,2,0.038
605,192,498,76.435
606,0,17813,144.413
606,105,528,70.706
606,245,1,0.006
607,0,17986,145.604
607,31,529,72.735
608,0,18086,146.362
608,81,3,0.081
608,137,607,71.689
609,0,17958,146.394
609,50,4,0.152
609,97,511,71.77
610,0,18013,146.528
610,28,569,74.383
610,290,1,0.029
611,0,18014,146.269
611,404,579,74.688
611,410,1,0.008
612,0,17823,144.536
612,165,486,74.958
613,0,17890,143.981
613,165,569,74.071
614,0,17969,145.032
614,24,562,74.338
614,72,1,0.019
615,0,18211,149.125
615,28,1,0.036
615,49,538,72.067
616,0,17982,144.664
616,143,521,74.761
617,0,18197,148.552
617,48,530,73.693
618,0,18163,147.049
618,130,556,74.026
619,0,18237,146.137
619,122,4,0.025
619,161,539,71.96
620,0,18150,147.767
620,10,586,74.299
621,0,18145,147.953
621,27,603,75.52
621,83,3,0.35
622,0,18039,145.605
622,20,2,0.025
622,105,522,73.705
623,0,17997,146.26
623,29,596,72.072
623,115,2,0.045
624,0,18010,146.584
624,11,555,70.747
624,348,1,0.018
625,0,17997,150.148
625,99,529,67.8
626,0,17919,143.481
626,151,564,72.594
626,217,1,0.043
627,0,18024,146.587
627,16,596,74.246
628,0,18007,145.73
628,12,3,0.028
628,47,526,75.334
628,135,1,0.011
629,0,17964,145.686
629,319,533,71.267
629,376,1,0.006
629,419,1,0.026
630,0,17948,145.354
630,42,548,74.544
631,0,17987,145.151
631,28,5,0.054
631,57,530,71.378
631,386,5,0.822
632,0,17798,143.529
632,71,616,73.242
633,0,18401,149.155
633,16,648,73.983
633,39,1,0.041
634,0,17859,143.42
634,216,542,71.863
635,0,17903,143.786
635,26,583,74.137
636,0,18029,146.137
636,27,544,73.707
637,0,18085,146.679
637,199,523,78.024
638,0,18160,145.661
638,154,485,76.223
639,0,17814,144.001
639,23,1,0.006
639,39,588,73.433
639,91,1,0.019
639,233,1,0.008
640,0,17727,143.301
640,30,2,0.018
640,184,528,73.279
641,0,18095,148.955
641,47,493,74.708
642,0,17625,143.184
642,13,5,0.075
642,28,571,74.947
643,0,18116,148.882
643,38,527,72.556
643,61,1,0.057
644,0,17875,144.312
644,192,536,73.846
645,0,18102,146.677
645,29,530,71.092
646,0,18050,145.326
646,156,561,72.781
647,0,18129,145.988
647,22,563,70.37
648,0,17969,145.973
648,90,513,73.245
649,0,18114,145.408
649,58,512,74.453
650,0,17935,145.779
650,130,596,77.452
651,0,17976,143.821
651,69,493,74.949
652,0,17883,145.575
652,27,534,77.517
652,32,2,0.014
653,0,18018,146.266
653,159,512,67.804
654,0,17984,146.76
654,156,544,76.833
655,0,17869,144.14
655,142,508,72.659
656,0,17799,145.105
656,58,561,69.391
657,0,17915,144.145
657,27,1,0.014
657,33,549,72.775
657,564,3,0.018
658,0,18065,146.658
658,11,2,0.02
658,168,552,75.229
659,0,17988,145.67
659,241,547,73.271
660,0,17717,144.826
660,33,504,73.402
660,92,1,0.04
661,0,17833,144.255
661,34,561,74.181
661,81,2,0.012
662,0,17851,142.818
662,17,2,0.096
662,144,606,74.651
663,0,18167,147.404
663,14,568,74.654
664,0,18116,146.478
664,33,538,74.165
665,0,18023,146.043
665,32,543,72.439
666,0,17904,146.041
666,3,522,70.761
667,0,17955,146.057
667,86,548,73.375
668,0,18011,144.894
668,44,542,73.791
669,0,17999,144.712
669,25,553,73.827
670,0,18194,147.067
670,18,526,71.17
671,0,17989,145.334
671,1,5,0.103
671,119,514,75.966
672,0,17895,145.271
672,44,3,0.053
672,196,620,73.74
673,0,17990,144.548
673,14,1,0.063
673,40,514,72.408
674,0,17917,145.512
674,51,538,73.275
674,280,13,0.514
675,0,17936,145.405
675,281,1,0.015
675,287,5,0.08
675,312,555,74.634
676,0,17951,145.025
676,130,485,70.251
677,0,17695,141.909
677,32,553,72.215
678,0,17808,142.874
678,32,1,0.024
678,78,2,0.019
678,88,3,0.019
678,111,540,70.625
679,0,18159,146.78
679,22,625,74.445
679,72,2,0.033
680,0,18137,146.24
680,312,536,73.846
681,0,18064,145.815
681,209,599,73.094
682,0,18060,146.964
682,22,510,69.804
683,0,18022,145.395
683,209,509,72.69
684,0,17695,142.625
684,230,563,75.063
684,284,1,0.026
685,0,18240,147.835
685,46,508,72.379
686,0,17913,145.848
686,152,561,71.706
686,178,3,0.051
687,0,18044,144.517
687,31,521,74.21
687,421,1,0.114
688,0,18005,144.996
688,34,1,0.023
688,47,519,73.505
689,0,18251,148.621
689,1,5,0.117
689,12,683,76.694
690,0,18121,146.889
690,90,502,74.072
691,0,18110,145.942
691,32,1,0.006
691,39,511,74.616
692,0,18146,145.567
692,2,2,0.046
692,242,515,73.404
693,0,17904,146.191
693,15,1,0.018
693,16,1,0.009
693,35,592,74.753
694,0,17883,143.645
694,25,535,73.852
695,0,17717,142.191
695,20,587,75.448
695,100,4,0.024
696,0,18052,145.355
696,72,528,71.479
697,0,17872,145.324
697,129,550,73.357
698,0,18056,144.749
698,31,526,72.814
699,0,17986,145.309
699,146,525,72.113
700,0,18178,146.61
700,32,571,74.988
701,0,17997,145.755
701,88,509,73.004
702,0,17775,143.315
702,6,2,0.02
702,35,523,72.432
703,0,17936,145.431
703,23,630,74.104
704,0,17953,145.127
704,57,509,72.299
705,0,18091,145.652
705,21,587,71.928
706,0,17935,144.768
706,118,498,71.55
707,0,17874,142.998
707,198,604,71.955
707,350,1,0.026
708,0,18048,146.481
708,73,2,0.037
708,210,526,72.043
709,0,18125,145.754
709,100,586,70.743
710,0,18077,147.023
710,48,4,0.025
710,111,538,75.337
711,0,17774,144.145
711,72,501,73.538
712,0,17973,146.074
712,38,524,76.537
712,73,1,0.006
712,559,2,0.126
713,0,18184,147.936
713,42,523,71.159
714,0,17869,143.868
714,9,2,0.019
714,40,560,70.465
715,0,18034,145.825
715,32,1,0.015
715,102,543,72.989
715,246,1,0.028
716,0,18237,149.092
716,66,571,75.586
716,320,5,0.186
717,0,17912,145.948
717,28,615,75.501
717,265,1,0.061
718,0,17965,144.855
718,140,521,70.516
719,0,17744,144.454
719,61,1,0.006
719,151,570,71.22
720,0,17888,145.258
720,13,645,73.138
720,37,1,0.063
721,0,18166,146.983
721,76,579,75.498
722,0,17956,145.418
722,19,547,70.932
722,122,2,0.014
723,0,17886,144.347
723,34,1,0.028
723,42,618,71.416
724,0,17891,144.41
724,169,1,0.048
724,245,560,74.019
724,600,1,0.1
725,0,18072,146.828
725,75,484,72.55
726,0,17959,144.701
726,76,557,74.987
727,0,18039,144.535
727,25,583,70.207
728,0,17757,144.409
728,35,525,73.888
729,0,17853,145.416
729,50,5,0.065
729,205,524,74.817
730,0,18050,146.625
730,90,3,0.06
730,119,521,71.046
731,0,17858,145.006
731,105,526,74.48
732,0,18150,146.718
732,53,525,74.674
733,0,18045,145.89
733,32,623,75.523
734,0,17901,144.001
734,40,528,71.315
735,0,17927,145.58
735,37,484,72.821
736,0,17971,144.864
736,12,1,0.006
736,49,499,71.353
737,0,17840,144.498
737,252,543,69.826
738,0,17775,143.923
738,1,4,0.035
738,44,554,76.59
738,530,5,0.036
739,0,17965,144.397
739,29,1,0.078
739,121,557,76.983
739,137,4,0.025
740,0,17717,143.49
740,296,5,0.116
740,388,1,0.007
740,407,552,73.637
741,0,18169,148.112
741,65,1,0.019
741,125,1,0.011
741,239,602,76.484
742,0,18208,148.056
742,30,520,72.593
743,0,17873,144.021
743,61,523,73.518
744,0,18053,145.095
744,18,2,0.018
744,236,489,74.686
745,0,17971,146.017
745,39,553,75.839
746,0,18203,145.486
746,129,495,74.678
747,0,18007,147.424
747,95,585,73.319
748,0,17948,144.939
748,66,532,76.734
749,0,18055,147.958
749,52,579,75.645
750,0,17968,146.445
750,11,7,0.045
750,64,536,70.065
751,0,18439,149.944
751,41,553,74.011
752,0,17848,143.504
752,79,525,74.673
753,0,17907,144.724
753,119,564,74.069
754,0,18061,146.101
754,96,510,70.487
754,105,1,0.033
755,0,18154,148.334
755,33,505,71.059
756,0,18077,146.651
756,4,2,0.072
756,70,4,0.139
756,110,547,74.785
757,0,18127,146.461
757,32,541,72.597
757,48,1,0.019
758,0,17994,146.768
758,161,550,75.197
758,294,4,0.026
759,0,18125,146.595
759,99,1,0.011
759,167,672,73.052
760,0,18252,148.341
760,42,632,71.432
761,0,17981,147.203
761,54,574,76.013
762,0,18026,146.766
762,39,556,76.057
763,0,18119,146.09
763,37,2,0.032
763,120,1,0.006
763,133,515,73.637
764,0,17780,144.932
764,45,2,0.034
764,144,504,75.467
765,0,17806,143.913
765,30,530,73.163
766,0,18149,145.785
766,35,500,74.823
766,93,2,0.022
767,0,17814,144.369
767,17,562,72.336
767,43,1,0.018
767,243,3,0.058
768,0,17975,145.857
768,45,567,76.109
769,0,17838,144.377
769,17,2,0.087
769,20,4,0.025
769,25,544,74.503
770,0,17903,145.588
770,17,524,68.449
770,19,1,0.083
771,0,17945,144.518
771,74,534,75.977
772,0,18078,147.115
772,33,610,75.367
773,0,18251,149.008
773,22,547,75.996
774,0,17945,142.984
774,39,560,76.33
774,78,1,0.026
775,0,18079,146.871
775,25,556,69.069
776,0,17975,144.319
776,26,541,77.428
776,81,2,0.012
777,0,17812,144.716
777,36,653,71.958
778,0,17851,144.906
778,72,523,73.02
779,0,17935,145.409
779,34,521,78.706
779,83,1,0.022
780,0,17997,145.959
780,44,1,0.011
780,60,523,74.857
781,0,17775,143.302
781,37,513,73.129
782,0,17924,145.937
782,13,552,70.843
782,42,1,0.086
783,0,18055,146.424
783,41,509,70.19
783,219,1,0.015
784,0,17948,144.829
784,10,3,0.059
784,267,589,75.084
785,0,18022,145.764
785,44,613,72.084
786,0,18311,148.749
786,36,534,70.607
787,0,17889,144.911
787,39,544,72.473
788,0,18125,147.244
788,6,671,73.207
788,11,1,0.023
789,0,18053,147.353
789,26,1,0.016
789,79,1,0.022
789,214,498,70.287
790,0,18044,146.36
790,29,508,72.608
790,160,2,0.012
791,0,18038,146.966
791,275,535,75.028
792,0,18079,146.305
792,15,2,0.053
792,18,3,0.101
792,34,531,72.889
793,0,18173,146.749
793,254,534,72.087
793,263,1,0.045
793,293,1,0.006
794,0,18137,145.975
794,33,483,74.333
795,0,18051,147.44
795,23,547,74.605
795,43,4,0.139
796,0,17997,144.994
796,15,1,0.015
796,163,484,69.849
797,0,18046,146.348
797,27,533,75.78
797,89,1,0.015
798,0,18001,146.198
798,32,557,74.985
798,120,1,0.028
799,0,17844,144.045
799,28,553,70.531
800,0,18173,148.604
800,84,538,73.901
801,0,17815,143.861
801,29,505,66.673
802,0,17790,143.271
802,144,490,71.807
803,0,17854,144.341
803,60,566,75.676
803,306,1,0.017
804,0,17867,145.289
804,43,597,80.984
805,0,18363,148.875
805,32,551,70.942
806,0,18182,146.531
806,143,475,73.599
807,0,18145,145.439
807,198,522,73.693
808,0,17704,142.402
808,28,527,74.083
808,33,1,0.04
809,0,18089,146.223
809,126,499,73.861
810,0,18081,146.554
810,204,547,74.054
811,0,17999,145.13
811,77,1,0.014
811,190,542,73.184
812,0,17817,144.026
812,9,2,0.086
812,28,601,74.881
813,0,17837,144.339
813,153,548,76.586
814,0,18060,144.166
814,40,497,69.544
815,0,18019,145.796
815,30,499,71.984
816,0,17974,144.011
816,101,517,76.378
817,0,17792,143.185
817,42,506,73.351
817,53,2,0.093
818,0,17941,144.972
818,11,2,0.018
818,39,552,71.306
819,0,17936,146.196
819,53,643,71.646
819,345,1,0.01
820,0,18092,146.838
820,9,1,0.06
820,43,2,0.133
820,258,523,72.874
821,0,18115,147.125
821,94,565,76.476
821,147,8,0.21
822,0,18076,146.173
822,35,516,71.466
823,0,17952,144.222
823,30,4,0.039
823,93,619,71.006
824,0,17803,143.846
824,28,497,71.615
825,0,17733,143.742
825,78,643,73.459
825,254,1,0.036
826,0,18092,145.268
826,249,549,71.595
827,0,18323,146.835
827,131,530,71.282
828,0,18056,145.601
828,25,525,77.65
829,0,18012,145.013
829,425,533,73.812
829,426,1,0.011
830,0,17775,143.016
830,131,540,74.502
831,0,17948,144.035
831,27,2,0.046
831,67,1,0.049
831,191,633,73.249
831,616,2,0.308
832,0,17943,144.995
832,47,517,75.138
832,78,1,0.008
833,0,17834,144.863
833,11,2,0.018
833,73,1,0.011
833,156,569,74.249
834,0,17932,145.09
834,159,505,69.044
835,0,17977,146.304
835,42,509,70.868
836,0,18082,146.339
836,125,553,71.252
836,154,1,0.066
837,0,17917,144.779
837,12,1,0.009
837,86,628,75.204
838,0,17828,144.015
838,89,429,68.834
839,0,18138,145.489
839,81,634,74.715
840,0,18004,146.226
840,95,533,75.134
841,0,18078,147.446
841,24,476,72.328
842,0,17935,145.643
842,28,527,76.747
843,0,17886,144.711
843,32,538,73.947
844,0,17940,144.669
844,42,523,72.773
845,0,17703,143.634
845,219,630,72.533
846,0,17908,144.249
846,38,589,76.334
846,107,2,0.031
847,0,18013,145.178
847,18,493,72.149
848,0,17983,145.903
848,34,599,76.517
849,0,18010,145.702
849,27,553,74.222
850,0,18086,146.642
850,111,555,71.982
851,0,18101,146.238
851,168,1,0.006
851,216,560,73.383
852,0,17977,145.093
852,27,476,70.603
853,0,17844,144.998
853,38,561,73.373
853,65,2,0.167
854,0,18102,146.26
854,7,2,0.018
854,392,566,75.01
855,0,17999,146.542
855,62,4,0.167
855,113,1,0.014
855,157,1,0.006
855,212,502,74.696
856,0,18323,148.445
856,122,547,76.039
857,0,18185,146.556
857,34,616,72.186
857,144,1,0.034
858,0,17973,144.451
858,48,514,73.391
859,0,18149,147.118
859,10,600,70.232
859,92,3,0.075
860,0,18295,148.491
860,15,609,72.871
861,0,17915,145.462
861,21,523,74.675
862,0,18103,145.003
862,43,533,73.844
863,0,18000,146.01
863,97,2,5.073
863,126,517,67.52
864,0,18005,145.889
864,22,548,71.749
864,145,1,0.028
865,0,17953,145.558
865,93,516,72.721
866,0,17998,146.247
866,57,559,68.616
866,287,1,0.008
866,563,1,0.009
867,0,17877,144.593
867,34,523,75.217
868,0,17840,144.546
868,21,529,75.658
869,0,17804,144.266
869,22,551,76.337
870,0,17833,143.963
870,33,535,76.242
871,0,18006,145.475
871,145,604,71.417
872,0,18064,145.43
872,34,522,74.376
873,0,18041,145.585
873,18,580,75.816
873,28,2,0.063
873,120,8,0.053
873,221,3,0.102
874,0,18174,148.761
874,26,571,70.496
875,0,18362,147.411
875,36,569,75.326
876,0,18279,147.511
876,64,502,75.098
877,0,18142,145.657
877,32,548,73.5
877,332,2,0.037
878,0,17941,144.447
878,39,603,76.151
878,184,1,0.013
879,0,17901,144.167
879,87,522,72.921
880,0,17874,145.399
880,29,540,71.735
880,112,1,0.012
881,0,18038,145.819
881,11,2,0.233
881,56,2,0.04
881,70,564,71.725
882,0,18027,145.304
882,13,1,0.035
882,63,638,74.903
883,0,17922,145.234
883,53,534,69.42
884,0,17843,144.438
884,14,2,0.067
884,26,506,73.977
884,47,1,0.028
884,90,9,0.328
884,113,3,0.046
885,0,18098,146.946
885,83,490,72.043
886,0,18092,146.031
886,23,564,77.175
886,31,4,0.096
887,0,17960,146.992
887,113,545,71.561
888,0,17958,146.157
888,116,577,72.303
889,0,17913,144.1
889,53,537,76.186
890,0,18280,145.833
890,39,517,72.301
891,0,17859,145.054
891,23,629,73.218
891,141,2,0.048
892,0,18036,147.035
892,9,3,0.072
892,218,539,74.952
893,0,17901,144.534
893,12,635,74.506
894,0,17988,145.67
894,40,543,71.443
895,0,17999,144.728
895,97,513,72.794
896,0,18038,145.678
896,23,549,71.189
897,0,17869,143.979
897,101,553,73.801
898,0,17794,143.995
898,169,634,79.78
899,0,17796,144.429
899,54,1,0.011
899,91,572,69.493
900,0,17774,143.684
900,167,514,73.665
901,0,17946,143.981
901,39,1,0.006
901,158,661,73.822
902,0,17919,145.236
902,31,530,75.015
902,35,1,0.006
902,58,2,0.038
903,0,17782,142.718
903,172,516,72.917
904,0,17982,144.025
904,61,518,76.423
905,0,17981,145.171
905,261,554,72.022
906,0,18060,146.035
906,46,525,73.764
907,0,18007,146.11
907,46,554,74.185
907,49,1,0.042
908,0,18148,147.473
908,46,553,74.247
909,0,17821,143.638
909,44,537,76.343
910,0,17859,142.026
910,18,3,0.085
910,49,552,71.335
911,0,17847,144.058
911,26,5,0.089
911,89,511,74.709
912,0,18131,145.685
912,36,509,74.168
913,0,18145,146.257
913,52,610,71.391
914,0,17820,144.87
914,10,1,0.047
914,26,544,73.823
914,545,1,0.064
915,0,18020,144.585
915,11,2,0.02
915,23,533,72.526
915,528,6,0.044
916,0,17781,144.026
916,2,2,0.019
916,16,6,0.045
916,140,2,0.013
916,231,529,73.674
917,0,17900,145.127
917,196,682,76.831
918,0,18024,145.066
918,31,503,73.471
919,0,17987,145.511
919,50,2,0.018
919,102,5,0.269
919,170,1,0.021
919,179,648,75.103
920,0,18061,145.739
920,36,580,73.098
920,45,5,0.084
921,0,17883,144.32
921,189,613,70.659
922,0,18038,146.599
922,15,1,0.009
922,54,571,74.1
922,240,2,0.013
923,0,17822,144.912
923,33,556,72.73
923,134,2,0.023
924,0,17527,141.754
924,29,515,72.753
925,0,18035,146.061
925,96,554,80.013
926,0,17933,144.572
926,8,651,74.831
927,0,18006,144.859
927,43,3,0.103
927,49,530,77.426
927,76,1,0.011
928,0,17819,144.372
928,12,1,0.108
928,31,532,72.017
929,0,17981,145.981
929,46,3,0.095
929,74,553,71.478
930,0,18064,146.639
930,41,540,71.808
930,50,2,0.07
931,0,17640,142.643
931,27,544,73.833
932,0,18071,145.447
932,69,552,69.034
932,322,4,0.084
933,0,17821,144.186
933,130,514,73.937
934,0,18088,146.922
934,15,4,0.204
934,83,544,72.522
935,0,18040,145.602
935,32,513,73.624
936,0,17869,144.505
936,74,522,72.533
937,0,17935,143.84
937,79,510,70.794
938,0,17954,144.523
938,32,535,75.946
938,36,2,0.021
939,0,17978,145.829
939,49,562,74.685
939,74,1,0.014
940,0,17853,143.62
940,36,542,69.359
940,41,4,0.026
941,0,17863,144.563
941,22,5,0.213
941,28,645,72.613
941,69,3,0.125
942,0,18006,146.467
942,19,616,68.197
943,0,18232,148.607
943,22,549,72.7
944,0,17798,144.101
944,2,3,0.064
944,103,519,72.218
945,0,18170,147.854
945,51,547,72.941
945,86,1,0.02
946,0,18075,147.821
946,40,666,77.1
947,0,17959,146.178
947,27,586,77.395
948,0,18086,146.373
948,33,539,76.803
948,84,1,0.008
949,0,18035,146.298
949,6,6,0.27
949,22,2,0.026
949,139,593,72.216
950,0,17955,144.479
950,4,2,0.019
950,34,1,0.023
950,37,504,72.394
951,0,18146,147.155
951,39,534,78.798
951,94,2,0.027
952,0,17913,144.0
952,30,541,74.685
953,0,18115,144.992
953,77,505,74.407
954,0,17849,145.003
954,28,534,73.36
954,71,1,0.008
955,0,17982,143.759
955,30,519,70.54
955,61,5,0.244
956,0,18072,146.106
956,60,503,76.155
957,0,17944,144.184
957,48,619,68.255
958,0,17910,143.025
958,86,2,0.034
958,132,1,0.028
958,267,585,72.059
959,0,17945,145.83
959,76,1,0.02
959,170,538,73.896
960,0,18104,146.208
960,142,1,0.019
960,165,518,74.368
961,0,17858,145.884
961,72,496,73.568
962,0,17995,146.081
962,21,613,75.366
962,59,1,0.012
963,0,17924,144.773
963,229,543,75.829
964,0,17994,145.018
964,10,2,0.012
964,279,563,75.487
965,0,18255,146.935
965,26,547,71.242
966,0,17999,144.89
966,152,546,73.457
967,0,18010,144.19
967,173,544,73.752
968,0,18041,145.614
968,21,623,71.88
968,96,3,0.049
969,0,18224,147.672
969,346,554,74.092
970,0,18072,147.317
970,40,658,76.235
970,62,3,0.067
971,0,17980,146.064
971,3,645,72.804
971,93,1,0.006
972,0,17849,143.998
972,14,607,74.32
973,0,17904,144.264
973,35,541,73.873
973,41,7,0.178
974,0,17857,144.995
974,70,1,0.015
974,461,565,73.176
975,0,18063,147.1
975,14,2,0.017
975,41,540,69.72
976,0,18155,147.505
976,6,582,72.662
977,0,18018,146.913
977,16,2,0.012
977,128,524,70.926
977,422,1,0.055
978,0,18103,144.581
978,35,525,72.282
979,0,17942,146.547
979,22,3,0.065
979,172,638,77.548
980,0,18160,147.336
980,67,651,74.575
981,0,17973,145.085
981,16,623,75.163
982,0,18055,146.135
982,39,549,78.075
983,0,18101,144.367
983,57,523,74.371
984,0,17983,146.935
984,60,542,72.823
985,0,18026,147.268
985,157,524,72.007
986,0,18340,146.316
986,42,521,74.12
987,0,18265,146.644
987,32,505,73.308
987,61,1,0.01
988,0,17905,145.873
988,17,625,72.182
989,0,18012,145.115
989,186,1,0.012
989,198,520,71.332
989,225,1,0.007
989,227,7,0.186
990,0,18158,145.288
990,34,534,73.964
990,73,2,0.013
991,0,17885,144.957
991,24,545,71.694
991,59,2,0.019
992,0,18164,145.086
992,110,559,74.657
993,0,17916,145.052
993,17,582,74.714
994,0,18003,145.056
994,33,525,70.299
995,0,17934,144.833
995,53,554,75.717
996,0,17936,145.361
996,27,537,72.065
997,0,17867,143.982
997,47,540,75.211
998,0,17972,145.265
998,197,532,73.336
999,0,18151,146.54
999,21,613,71.467
